{"mean": [3.967186212539673, 0.020920101553201675, 0.7036477327346802, 8.51678466796875, 0.952500581741333, 0.7795091271400452, 1.0061599016189575, 6.988285064697266, 0.4504290521144867, 0.4830740690231323, 6.398350238800049, 0.15619397163391113, 0.06866452842950821, 0.0, 0.0, 0.47448039054870605, 35.406959533691406, 0.7977190613746643, 0.00015503098256886005, 0.010381177067756653, 0.9505360126495361, 0.007370087783783674, 0.04195626452565193, 0.005152769852429628, -0.0004933253512717783, -0.0004231260681990534, -0.0005339039489626884, -0.0006227108533494174, 0.0006647442933171988, -0.00036290689604356885, -0.0023284561466425657, -0.0005674284184351563, -0.0011155664687976241, 0.005152769852429628, -0.0004933253512717783, -0.0004231260681990534, -0.0005339039489626884, -0.0006227108533494174, 0.0006647442933171988, -0.00036290689604356885, -0.0023284561466425657, -0.0005674284184351563, -0.0011155664687976241], "m2": [2462886.25, 4845.1220703125, 1620.0662841796875, 159198.390625, 4494.01611328125, 51854.1328125, 1742.9127197265625, 698307.125, 2676.62744140625, 11873.8427734375, 6010.7802734375, 556.674072265625, 164.97950744628906, 0.0, 0.0, 17417.73046875, 7722026.0, 228683.34375, 0.12298740446567535, 1790.7916259765625, 2691.7001953125, 201.1925811767578, 1866.141357421875, 84236.6875, 67.80848693847656, 30.307514190673828, 6193.46533203125, 138.70603942871094, 412.1611022949219, 26.265804290771484, 19523.140625, 43.33026885986328, 111.7414779663086, 84236.6875, 67.80848693847656, 30.307514190673828, 6193.46533203125, 138.70603942871094, 412.1611022949219, 26.265804290771484, 19523.140625, 43.33026885986328, 111.7414779663086], "count": 140309}