{"mean": [10.013728141784668, 0.04045524820685387, 0.6998240947723389, 7.0536065101623535, 0.7549855709075928, 1.5163410902023315, 0.9999735355377197, 3.312450408935547, 0.4452154040336609, 0.17440195381641388, 6.100192546844482, 0.1012953594326973, 0.04880673065781593, 0.0, 0.0, 0.5114643573760986, 34.956260681152344, 2.7433221340179443, 0.00042081758147105575, 0.029869752004742622, 0.9590349793434143, 0.008260521106421947, 0.03270426392555237, 0.014120816253125668, 2.7042301731228235e-10, -5.403692160399487e-09, -0.0028333317022770643, -0.0003764633147511631, 0.0031380567234009504, 3.1433655678370087e-10, -0.011506468057632446, -3.6237184364296127e-09, -0.0013031759299337864, 0.014120816253125668, 2.7042301731228235e-10, -5.403692160399487e-09, -0.0028333317022770643, -0.0003764633147511631, 0.0031380567234009504, 3.1433655678370087e-10, -0.011506468057632446, -3.6237184364296127e-09, -0.0013031759299337864], "m2": [36051.39453125, 8.304428100585938, 7.041780918370932e-05, 2799.544189453125, 50.54195785522461, 219.15773010253906, 8.861728929332457e-06, 8563.1220703125, 0.0010681592393666506, 36.201866149902344, 86.13549041748047, 6.345187187194824, 1.6245090961456299, 0.0, 0.0, 159.8936004638672, 68323.671875, 2395.012451171875, 0.002677890472114086, 5.43628454208374, 13.756406784057617, 1.8425114154815674, 6.410218715667725, 3552.233642578125, 0.27707839012145996, 3.96870700569707e-06, 266.3292541503906, 4.6865973472595215, 10.532658576965332, 5.461735668177425e-07, 898.9560546875, 6.183947698445991e-05, 1.6911033391952515, 3552.233642578125, 0.27707839012145996, 3.96870700569707e-06, 266.3292541503906, 4.6865973472595215, 10.532658576965332, 5.461735668177425e-07, 898.9560546875, 6.183947698445991e-05, 1.6911033391952515], "count": 1254}