{"mean": [3.1640427112579346, 0.22396820783615112, 0.7070271372795105, 8.537415504455566, 0.9728870987892151, 0.5703253746032715, 1.0058096647262573, 7.351072311401367, 0.4601970911026001, 0.5795762538909912, 6.427235126495361, 0.1653509885072708, 0.076907217502594, 0.0, 0.0, 0.47417783737182617, 37.29241180419922, 0.42240795493125916, 0.005244804546236992, 0.1622062623500824, 0.6344639658927917, 0.008947961032390594, 0.3565346896648407, 0.004170034546405077, 0.000497701985295862, -0.0003666314878500998, -0.0010304900351911783, -0.0005410949815995991, 0.0003616672183852643, -0.0003407283511478454, -0.002169844461604953, -0.0004005588998552412, -0.0008359509520232677, 0.004170034546405077, 0.000497701985295862, -0.0003666314878500998, -0.0010304900351911783, -0.0005410949815995991, 0.0003616672183852643, -0.0003407283511478454, -0.002169844461604953, -0.0004005588998552412, -0.0008359509520232677], "m2": [3710414.75, 435570.6875, 4256.529296875, 511800.3125, 8398.44140625, 99325.6328125, 4180.81591796875, 1214394.125, 11368.796875, 20113.203125, 11640.8935546875, 1033.9913330078125, 300.22601318359375, 0.0, 0.0, 36674.203125, 14232640.0, 324471.0, 1538.8780517578125, 268447.6875, 40426.52734375, 512.1640625, 39666.54296875, 86224.9921875, 1329.1842041015625, 47.95829772949219, 6992.8408203125, 160.8164520263672, 500.0646057128906, 45.85723114013672, 20963.853515625, 126.10343933105469, 147.5751190185547, 86224.9921875, 1329.1842041015625, 47.95829772949219, 6992.8408203125, 160.8164520263672, 500.0646057128906, 45.85723114013672, 20963.853515625, 126.10343933105469, 147.5751190185547], "count": 300660}