{"mean": [4.275136947631836, 3.233637809753418, 0.7116544246673584, 6.0598931312561035, 0.8642874360084534, 0.9670088291168213, 1.0023949146270752, 5.095929145812988, 0.47984936833381653, 0.4100784361362457, 6.2381134033203125, 0.10981107503175735, 0.05379152297973633, 0.0, 0.0, 0.42614901065826416, 35.019996643066406, 0.6972007155418396, 0.014410853385925293, 1.6150838136672974, 0.45904672145843506, 0.011090978980064392, 0.5298385620117188, 0.005948950070887804, 0.008547564968466759, -0.0003156837774440646, -0.007802032865583897, -0.000936254218686372, 0.0006825652089901268, -0.00032050663139671087, -0.007973925210535526, -0.00023738740128464997, -0.0011494779027998447, 0.005948950070887804, 0.008547564968466759, -0.0003156837774440646, -0.007802032865583897, -0.000936254218686372, 0.0006825652089901268, -0.00032050663139671087, -0.007973925210535526, -0.00023738740128464997, -0.0011494779027998447], "m2": [6903661.0, 12113490.0, 11703.609375, 8689950.0, 40237.71484375, 472301.46875, 11688.6337890625, 8082726.5, 58468.2890625, 71208.171875, 62758.4609375, 4677.60595703125, 1108.1998291015625, 0.0, 0.0, 72853.90625, 31769854.0, 616071.0, 10916.53125, 3397454.0, 65282.4609375, 1319.8521728515625, 65164.10546875, 90585.640625, 5450.29052734375, 72.93907165527344, 10185.2783203125, 204.03736877441406, 851.2542114257812, 72.1580581665039, 26451.587890625, 192.57196044921875, 192.1216583251953, 90585.640625, 5450.29052734375, 72.93907165527344, 10185.2783203125, 204.03736877441406, 851.2542114257812, 72.1580581665039, 26451.587890625, 192.57196044921875, 192.1216583251953], "count": 581282}